Workbook

Sheet Personaldaten
D1: Personaldaten
A3: Dienstgrad | B3: Name | C3: Einberufungsdatum | D3: Entlassungsdatum | E3: Dienstnummer | F3: Wohnanschrift | G3: Dienstmonate | H3: Fortschritt in Prozent | I3: Restliche Dienstzeit | J3: Dienstbezeichnung
A4: Unteroffizier | B4: Jonas Wagner | C4: 45641 | D4: 46188 | E4: 778 | F4: Frankfurt | G4: =DATEDIF(C4, TODAY(), "m") -> 15 | H4: =DATEDIF(C4,TODAY(),"d")/DATEDIF(C4,D4,"d") -> 0.8464351 | I4: =DATEDIF(TODAY(), D4, "d") -> 84 | J4: Parkdienst Fuhrpark
A5: Unteroffizier | B5: Moritz Klein | C5: 45762 | D5: 46310 | E5: 734 | F5: Hannover | G5: =DATEDIF(C5, TODAY(), "m") -> 11 | H5: =DATEDIF(C5,TODAY(),"d")/DATEDIF(C5,D5,"d") -> 0.62408759 | I5: =DATEDIF(TODAY(), D5, "d") -> 206 | J5: Gefreiter vom Dienst
A6: Unteroffizier | B6: Matteo Werner | C6: 45945 | D6: 46492 | E6: 954 | F6: Gelsenkirchen | G6: =DATEDIF(C6, TODAY(), "m") -> 5 | H6: =DATEDIF(C6,TODAY(),"d")/DATEDIF(C6,D6,"d") -> 0.29067642 | I6: =DATEDIF(TODAY(), D6, "d") -> 388 | J6: Waffenreinigen
A7: Unteroffizier | B7: Christian Ludwig | C7: 45748 | D7: 46296 | E7: 355 | F7: Oberhausen | G7: =DATEDIF(C7, TODAY(), "m") -> 11 | H7: =DATEDIF(C7,TODAY(),"d")/DATEDIF(C7,D7,"d") -> 0.64963504 | I7: =DATEDIF(TODAY(), D7, "d") -> 192 | J7: Gefreiter vom Dienst
A8: Unteroffizier | B8: Peter Graf | C8: 45884 | D8: 46433 | E8: 981 | F8: Ludwigshafen | G8: =DATEDIF(C8, TODAY(), "m") -> 7 | H8: =DATEDIF(C8,TODAY(),"d")/DATEDIF(C8,D8,"d") -> 0.4007286 | I8: =DATEDIF(TODAY(), D8, "d") -> 329 | J8: Revierreinigen
A9: Stabsgefreiter | B9: Elias Meyer | C9: 45627 | D9: 46174 | E9: 156 | F9: Köln | G9: =DATEDIF(C9, TODAY(), "m") -> 15 | H9: =DATEDIF(C9,TODAY(),"d")/DATEDIF(C9,D9,"d") -> 0.87202925 | I9: =DATEDIF(TODAY(), D9, "d") -> 70 | J9: Streifendienst
A10: Stabsgefreiter | B10: Jakob Richter | C10: 45748 | D10: 46296 | E10: 202 | F10: Dresden | G10: =DATEDIF(C10, TODAY(), "m") -> 11 | H10: =DATEDIF(C10,TODAY(),"d")/DATEDIF(C10,D10,"d") -> 0.64963504 | I10: =DATEDIF(TODAY(), D10, "d") -> 192 | J10: Streifendienst
A11: Stabsgefreiter | B11: Fabian Lange | C11: 45915 | D11: 46461 | E11: 694 | F11: Augsburg | G11: =DATEDIF(C11, TODAY(), "m") -> 6 | H11: =DATEDIF(C11,TODAY(),"d")/DATEDIF(C11,D11,"d") -> 0.34615385 | I11: =DATEDIF(TODAY(), D11, "d") -> 357 | J11: Wachdienst Tor
A12: Stabsgefreiter | B12: Stefan Roth | C12: 46037 | D12: 46583 | E12: 299 | F12: Halle | G12: =DATEDIF(C12, TODAY(), "m") -> 2 | H12: =DATEDIF(C12,TODAY(),"d")/DATEDIF(C12,D12,"d") -> 0.12271062 | I12: =DATEDIF(TODAY(), D12, "d") -> 479 | J12: Gefreiter vom Dienst
A13: Stabsgefreiter | B13: Andreas Winkler | C13: 45823 | D13: 46736 | E13: 896 | F13: Hagen | G13: =DATEDIF(C13, TODAY(), "m") -> 9 | H13: =DATEDIF(C13,TODAY(),"d")/DATEDIF(C13,D13,"d") -> 0.30777656 | I13: =DATEDIF(TODAY(), D13, "d") -> 632 | J13: Wachdienst Tor
A14: Schütze | B14: Lukas Müller | C14: 45566 | D14: 46113 | E14: 245 | F14: Aachen | G14: =DATEDIF(C14, TODAY(), "m") -> 17 | H14: =DATEDIF(C14,TODAY(),"d")/DATEDIF(C14,D14,"d") -> 0.98354662 | I14: =DATEDIF(TODAY(), D14, "d") -> 9 | J14: Wachdienst Tor
A15: Schütze | B15: Paul Hoffmann | C15: 45689 | D15: 46235 | E15: 289 | F15: Dortmund | G15: =DATEDIF(C15, TODAY(), "m") -> 13 | H15: =DATEDIF(C15,TODAY(),"d")/DATEDIF(C15,D15,"d") -> 0.76007326 | I15: =DATEDIF(TODAY(), D15, "d") -> 131 | J15: Streifendienst
... A53: Fahnenjunker | B53: Felix Becker | C53: 45658 | D53: 46204 | E53: 423 | F53: Stuttgart | G53: =DATEDIF(C53, TODAY(), "m") -> 14 | H53: =DATEDIF(C53,TODAY(),"d")/DATEDIF(C53,D53,"d") -> 0.81684982 | I53: =DATEDIF(TODAY(), D53, "d") -> 100 | J53: Waffenreinigen

Sheet Eingabetabelle
E1: Eingabetabelle
B3: Gruppe1 | D3: Gruppe 2 | F3: Gruppe 3 | H3: Gruppe 4 | J3: Gruppe 5 | L3: Gruppe 6 | N3: Gruppe 7 | P3: Gruppe 8 | R3: Gruppe 9
A4: 1 | B4: Moritz Klein | D4: Moritz Klein | F4: Matteo Werner | H4: Christian Ludwig | J4: Peter Graf | L4: Elias Meyer | N4: Jakob Richter | P4: Fabian Lange | R4: Stefan Roth
A5: 2 | B5: Maximilian Schmidt | D5: Paul Hoffmann | F5: Alex Schröder | H5: Kilian Hartung | J5: Jannik Friedrich | L5: Marcel Simon | N5: Michael Otto | P5: Jörg Seidel | R5: Frank Voigt
A6: 3 | B6: Finn Fischer | D6: Henry Schäfer | F6: David Neumann | H6: Fabian Lange | J6: Hannes Günther | L6: Christian Ludwig | N6: Jens Sommer | P6: Frank Voigt | R6: Daniel Beck
A7: 4 | B7: Leon Weber | D7: Anton Koch | F7: Nico Schwarz | H7: Simon Schmitt | J7: Vincent Berger | L7: Thomas Böhm | N7: Holger Scholz | P7: Klaus Hahn | R7: Kevin Lorenz
A8: 5 | B8: Elias Meyer | D8: Ben Bauer | F8: Tim Zimmermann | H8: Matteo Werner | L8: Patrick Krause | N8: Peter Graf
A9: 6 | B9: Jonas Wagner | D9: Jakob Richter | F9: Erik Braun | L9: Sebastian Jäger
A10: 7 | B10: Felix Becker | D10: Moritz Klein | F10: Jan Krüger | L10: Tobias Schütz

Sheet Kriegsgliederung
E1: Kompanie
A3: Gruppe1 | C3: Gruppe 2 | E3: Gruppe 3 | G3: Gruppe 4 | I3: Gruppe 5 | K3: Gruppe 6 | M3: Gruppe 7 | O3: Gruppe 8 | Q3: Gruppe 9
A4: {=IF(B4="","",INDEX(Personaldaten!$A$3:$A$53,MATCH(B4,Personaldaten!$B$3:$B$53,0)))} -> Unteroffizier | B4: =IF(Eingabetabelle!B4=0,"",Eingabetabelle!B4) -> Moritz Klein | C4: {=IF(D4="","",INDEX(Personaldaten!$A$3:$A$53,MATCH(D4,Personaldaten!$B$3:$B$53,0)))} -> Unteroffizier | D4: =IF(Eingabetabelle!D4=0,"",Eingabetabelle!D4) -> Moritz Klein | E4: {=IF(F4="","",INDEX(Personaldaten!$A$3:$A$53,MATCH(F4,Personaldaten!$B$3:$B$53,0)))} -> Unteroffizier | F4: =IF(Eingabetabelle!F4=0,"",Eingabetabelle!F4) -> Matteo Werner | G4: {=IF(H4="","",INDEX(Personaldaten!$A$3:$A$53,MATCH(H4,Personaldaten!$B$3:$B$53,0)))} -> Unteroffizier | H4: =IF(Eingabetabelle!H4=0,"",Eingabetabelle!H4) -> Christian Ludwig | I4: {=IF(J4="","",INDEX(Personaldaten!$A$3:$A$53,MATCH(J4,Personaldaten!$B$3:$B$53,0)))} -> Unteroffizier | J4: =IF(Eingabetabelle!J4=0,"",Eingabetabelle!J4) -> Peter Graf | K4: {=IF(L4="","",INDEX(Personaldaten!$A$3:$A$53,MATCH(L4,Personaldaten!$B$3:$B$53,0)))} -> Stabsgefreiter | L4: =IF(Eingabetabelle!L4=0,"",Eingabetabelle!L4) -> Elias Meyer | M4: {=IF(N4="","",INDEX(Personaldaten!$A$3:$A$53,MATCH(N4,Personaldaten!$B$3:$B$53,0)))} -> Stabsgefreiter | N4: =IF(Eingabetabelle!N4=0,"",Eingabetabelle!N4) -> Jakob Richter | O4: {=IF(P4="","",INDEX(Personaldaten!$A$3:$A$53,MATCH(P4,Personaldaten!$B$3:$B$53,0)))} -> Stabsgefreiter | P4: =IF(Eingabetabelle!P4=0,"",Eingabetabelle!P4) -> Fabian Lange | Q4: {=IF(R4="","",INDEX(Personaldaten!$A$3:$A$53,MATCH(R4,Personaldaten!$B$3:$B$53,0)))} -> Stabsgefreiter | R4: =IF(Eingabetabelle!R4=0,"",Eingabetabelle!R4) -> Stefan Roth
A5: =IF(B4="","","Einberufung") -> Einberufung | B5: {=IF(B4="","",INDEX(Personaldaten!$C$3:$C$53,MATCH(B4,Personaldaten!$B$3:$B$53,0)))} -> 45762 | C5: =IF(D4="","","Einberufung") -> Einberufung | D5: {=IF(D4="","",INDEX(Personaldaten!$C$3:$C$53,MATCH(D4,Personaldaten!$B$3:$B$53,0)))} -> 45762 | E5: =IF(F4="","","Einberufung") -> Einberufung | F5: {=IF(F4="","",INDEX(Personaldaten!$C$3:$C$53,MATCH(F4,Personaldaten!$B$3:$B$53,0)))} -> 45945 | G5: =IF(H4="","","Einberufung") -> Einberufung | H5: {=IF(H4="","",INDEX(Personaldaten!$C$3:$C$53,MATCH(H4,Personaldaten!$B$3:$B$53,0)))} -> 45748 | I5: =IF(J4="","","Einberufung") -> Einberufung | J5: {=IF(J4="","",INDEX(Personaldaten!$C$3:$C$53,MATCH(J4,Personaldaten!$B$3:$B$53,0)))} -> 45884 | K5: =IF(L4="","","Einberufung") -> Einberufung | L5: {=IF(L4="","",INDEX(Personaldaten!$C$3:$C$53,MATCH(L4,Personaldaten!$B$3:$B$53,0)))} -> 45627 | M5: =IF(N4="","","Einberufung") -> Einberufung | N5: {=IF(N4="","",INDEX(Personaldaten!$C$3:$C$53,MATCH(N4,Personaldaten!$B$3:$B$53,0)))} -> 45748 | O5: =IF(P4="","","Einberufung") -> Einberufung | P5: {=IF(P4="","",INDEX(Personaldaten!$C$3:$C$53,MATCH(P4,Personaldaten!$B$3:$B$53,0)))} -> 45915 | Q5: =IF(R4="","","Einberufung") -> Einberufung | R5: {=IF(R4="","",INDEX(Personaldaten!$C$3:$C$53,MATCH(R4,Personaldaten!$B$3:$B$53,0)))} -> 46037
A6: =IF(B4="","","Dienstnummer") -> Dienstnummer | B6: {=IF(B4="","",INDEX(Personaldaten!$E$3:$E$53,MATCH(B4,Personaldaten!$B$3:$B$53,0)))} -> 734 | C6: =IF(D4="","","Dienstnummer") -> Dienstnummer | D6: {=IF(D4="","",INDEX(Personaldaten!$E$3:$E$53,MATCH(D4,Personaldaten!$B$3:$B$53,0)))} -> 734 | E6: =IF(F4="","","Dienstnummer") -> Dienstnummer | F6: {=IF(F4="","",INDEX(Personaldaten!$E$3:$E$53,MATCH(F4,Personaldaten!$B$3:$B$53,0)))} -> 954 | G6: =IF(H4="","","Dienstnummer") -> Dienstnummer | H6: {=IF(H4="","",INDEX(Personaldaten!$E$3:$E$53,MATCH(H4,Personaldaten!$B$3:$B$53,0)))} -> 355 | I6: =IF(J4="","","Dienstnummer") -> Dienstnummer | J6: {=IF(J4="","",INDEX(Personaldaten!$E$3:$E$53,MATCH(J4,Personaldaten!$B$3:$B$53,0)))} -> 981 | K6: =IF(L4="","","Dienstnummer") -> Dienstnummer | L6: {=IF(L4="","",INDEX(Personaldaten!$E$3:$E$53,MATCH(L4,Personaldaten!$B$3:$B$53,0)))} -> 156 | M6: =IF(N4="","","Dienstnummer") -> Dienstnummer | N6: {=IF(N4="","",INDEX(Personaldaten!$E$3:$E$53,MATCH(N4,Personaldaten!$B$3:$B$53,0)))} -> 202 | O6: =IF(P4="","","Dienstnummer") -> Dienstnummer | P6: {=IF(P4="","",INDEX(Personaldaten!$E$3:$E$53,MATCH(P4,Personaldaten!$B$3:$B$53,0)))} -> 694 | Q6: =IF(R4="","","Dienstnummer") -> Dienstnummer | R6: {=IF(R4="","",INDEX(Personaldaten!$E$3:$E$53,MATCH(R4,Personaldaten!$B$3:$B$53,0)))} -> 299
A7: =IF(B4="","","Anschrift") -> Anschrift | B7: {=IF(B4="","",INDEX(Personaldaten!$F$3:$F$53,MATCH(B4,Personaldaten!$B$3:$B$53,0)))} -> Hannover | C7: =IF(D4="","","Anschrift") -> Anschrift | D7: {=IF(D4="","",INDEX(Personaldaten!$F$3:$F$53,MATCH(D4,Personaldaten!$B$3:$B$53,0)))} -> Hannover | E7: =IF(F4="","","Anschrift") -> Anschrift | F7: {=IF(F4="","",INDEX(Personaldaten!$F$3:$F$53,MATCH(F4,Personaldaten!$B$3:$B$53,0)))} -> Gelsenkirchen | G7: =IF(H4="","","Anschrift") -> Anschrift | H7: {=IF(H4="","",INDEX(Personaldaten!$F$3:$F$53,MATCH(H4,Personaldaten!$B$3:$B$53,0)))} -> Oberhausen | I7: =IF(J4="","","Anschrift") -> Anschrift | J7: {=IF(J4="","",INDEX(Personaldaten!$F$3:$F$53,MATCH(J4,Personaldaten!$B$3:$B$53,0)))} -> Ludwigshafen | K7: =IF(L4="","","Anschrift") -> Anschrift | L7: {=IF(L4="","",INDEX(Personaldaten!$F$3:$F$53,MATCH(L4,Personaldaten!$B$3:$B$53,0)))} -> Köln | M7: =IF(N4="","","Anschrift") -> Anschrift | N7: {=IF(N4="","",INDEX(Personaldaten!$F$3:$F$53,MATCH(N4,Personaldaten!$B$3:$B$53,0)))} -> Dresden | O7: =IF(P4="","","Anschrift") -> Anschrift | P7: {=IF(P4="","",INDEX(Personaldaten!$F$3:$F$53,MATCH(P4,Personaldaten!$B$3:$B$53,0)))} -> Augsburg | Q7: =IF(R4="","","Anschrift") -> Anschrift | R7: {=IF(R4="","",INDEX(Personaldaten!$F$3:$F$53,MATCH(R4,Personaldaten!$B$3:$B$53,0)))} -> Halle
A8: =IF(B4="","","Dienst") -> Dienst | B8: {=IF(B4="","",INDEX(Personaldaten!$J$3:$J$53,MATCH(B4,Personaldaten!$B$3:$B$53,0)))} -> Gefreiter vom Dienst | C8: =IF(D4="","","Dienst") -> Dienst | D8: {=IF(D4="","",INDEX(Personaldaten!$J$3:$J$53,MATCH(D4,Personaldaten!$B$3:$B$53,0)))} -> Gefreiter vom Dienst | E8: =IF(F4="","","Dienst") -> Dienst | F8: {=IF(F4="","",INDEX(Personaldaten!$J$3:$J$53,MATCH(F4,Personaldaten!$B$3:$B$53,0)))} -> Waffenreinigen | G8: =IF(H4="","","Dienst") -> Dienst | H8: {=IF(H4="","",INDEX(Personaldaten!$J$3:$J$53,MATCH(H4,Personaldaten!$B$3:$B$53,0)))} -> Gefreiter vom Dienst | I8: =IF(J4="","","Dienst") -> Dienst | J8: {=IF(J4="","",INDEX(Personaldaten!$J$3:$J$53,MATCH(J4,Personaldaten!$B$3:$B$53,0)))} -> Revierreinigen | K8: =IF(L4="","","Dienst") -> Dienst | L8: {=IF(L4="","",INDEX(Personaldaten!$J$3:$J$53,MATCH(L4,Personaldaten!$B$3:$B$53,0)))} -> Streifendienst | M8: =IF(N4="","","Dienst") -> Dienst | N8: {=IF(N4="","",INDEX(Personaldaten!$J$3:$J$53,MATCH(N4,Personaldaten!$B$3:$B$53,0)))} -> Streifendienst | O8: =IF(P4="","","Dienst") -> Dienst | P8: {=IF(P4="","",INDEX(Personaldaten!$J$3:$J$53,MATCH(P4,Personaldaten!$B$3:$B$53,0)))} -> Wachdienst Tor | Q8: =IF(R4="","","Dienst") -> Dienst | R8: {=IF(R4="","",INDEX(Personaldaten!$J$3:$J$53,MATCH(R4,Personaldaten!$B$3:$B$53,0)))} -> Gefreiter vom Dienst
A10: {=IF(B10="","",INDEX(Personaldaten!$A$3:$A$53,MATCH(B10,Personaldaten!$B$3:$B$53,0)))} -> Gefreiter | B10: =IF(Eingabetabelle!B5=0,"",Eingabetabelle!B5) -> Maximilian Schmidt | C10: {=IF(D10="","",INDEX(Personaldaten!$A$3:$A$53,MATCH(D10,Personaldaten!$B$3:$B$53,0)))} -> Schütze | D10: =IF(Eingabetabelle!D5=0,"",Eingabetabelle!D5) -> Paul Hoffmann | E10: {=IF(F10="","",INDEX(Personaldaten!$A$3:$A$53,MATCH(F10,Personaldaten!$B$3:$B$53,0)))} -> Hauptgefreiter | F10: =IF(Eingabetabelle!F5=0,"",Eingabetabelle!F5) -> Alex Schröder | G10: {=IF(H10="","",INDEX(Personaldaten!$A$3:$A$53,MATCH(H10,Personaldaten!$B$3:$B$53,0)))} -> Schütze | H10: =IF(Eingabetabelle!H5=0,"",Eingabetabelle!H5) -> Kilian Hartung | I10: {=IF(J10="","",INDEX(Personaldaten!$A$3:$A$53,MATCH(J10,Personaldaten!$B$3:$B$53,0)))} -> Hauptgefreiter | J10: =IF(Eingabetabelle!J5=0,"",Eingabetabelle!J5) -> Jannik Friedrich | K10: {=IF(L10="","",INDEX(Personaldaten!$A$3:$A$53,MATCH(L10,Personaldaten!$B$3:$B$53,0)))} -> Schütze | L10: =IF(Eingabetabelle!L5=0,"",Eingabetabelle!L5) -> Marcel Simon | M10: {=IF(N10="","",INDEX(Personaldaten!$A$3:$A$53,MATCH(N10,Personaldaten!$B$3:$B$53,0)))} -> Gefreiter | N10: =IF(Eingabetabelle!N5=0,"",Eingabetabelle!N5) -> Michael Otto | O10: {=IF(P10="","",INDEX(Personaldaten!$A$3:$A$53,MATCH(P10,Personaldaten!$B$3:$B$53,0)))} -> Obergefreiter | P10: =IF(Eingabetabelle!P5=0,"",Eingabetabelle!P5) -> Jörg Seidel | Q10: {=IF(R10="","",INDEX(Personaldaten!$A$3:$A$53,MATCH(R10,Personaldaten!$B$3:$B$53,0)))} -> Schütze | R10: =IF(Eingabetabelle!R5=0,"",Eingabetabelle!R5) -> Frank Voigt
A11: =IF(B10="","","Einberufung") -> Einberufung | B11: {=IF(B10="","",INDEX(Personaldaten!$C$3:$C$53,MATCH(B10,Personaldaten!$B$3:$B$53,0)))} -> 45580 | C11: =IF(D10="","","Einberufung") -> Einberufung | D11: {=IF(D10="","",INDEX(Personaldaten!$C$3:$C$53,MATCH(D10,Personaldaten!$B$3:$B$53,0)))} -> 45689 | E11: =IF(F10="","","Einberufung") -> Einberufung | F11: {=IF(F10="","",INDEX(Personaldaten!$C$3:$C$53,MATCH(F10,Personaldaten!$B$3:$B$53,0)))} -> 45792 | G11: =IF(H10="","","Einberufung") -> Einberufung | H11: {=IF(H10="","",INDEX(Personaldaten!$C$3:$C$53,MATCH(H10,Personaldaten!$B$3:$B$53,0)))} -> 45901 | I11: =IF(J10="","","Einberufung") -> Einberufung | J11: {=IF(J10="","",INDEX(Personaldaten!$C$3:$C$53,MATCH(J10,Personaldaten!$B$3:$B$53,0)))} -> 45976 | K11: =IF(L10="","","Einberufung") -> Einberufung | L11: {=IF(L10="","",INDEX(Personaldaten!$C$3:$C$53,MATCH(L10,Personaldaten!$B$3:$B$53,0)))} -> 46096 | M11: =IF(N10="","","Einberufung") -> Einberufung | N11: {=IF(N10="","",INDEX(Personaldaten!$C$3:$C$53,MATCH(N10,Personaldaten!$B$3:$B$53,0)))} -> 45839 | O11: =IF(P10="","","Einberufung") -> Einberufung | P11: {=IF(P10="","",INDEX(Personaldaten!$C$3:$C$53,MATCH(P10,Personaldaten!$B$3:$B$53,0)))} -> 45931 | Q11: =IF(R10="","","Einberufung") -> Einberufung | R11: {=IF(R10="","",INDEX(Personaldaten!$C$3:$C$53,MATCH(R10,Personaldaten!$B$3:$B$53,0)))} -> 45931
A12: =IF(B10="","","Dienstnummer") -> Dienstnummer | B12: {=IF(B10="","",INDEX(Personaldaten!$E$3:$E$53,MATCH(B10,Personaldaten!$B$3:$B$53,0)))} -> 812 | C12: =IF(D10="","","Dienstnummer") -> Dienstnummer | D12: {=IF(D10="","",INDEX(Personaldaten!$E$3:$E$53,MATCH(D10,Personaldaten!$B$3:$B$53,0)))} -> 289 | E12: =IF(F10="","","Dienstnummer") -> Dienstnummer | F12: {=IF(F10="","",INDEX(Personaldaten!$E$3:$E$53,MATCH(F10,Personaldaten!$B$3:$B$53,0)))} -> 992 | G12: =IF(H10="","","Dienstnummer") -> Dienstnummer | H12: {=IF(H10="","",INDEX(Personaldaten!$E$3:$E$53,MATCH(H10,Personaldaten!$B$3:$B$53,0)))} -> 277 | I12: =IF(J10="","","Dienstnummer") -> Dienstnummer | J12: {=IF(J10="","",INDEX(Personaldaten!$E$3:$E$53,MATCH(J10,Personaldaten!$B$3:$B$53,0)))} -> 133 | K12: =IF(L10="","","Dienstnummer") -> Dienstnummer | L12: {=IF(L10="","",INDEX(Personaldaten!$E$3:$E$53,MATCH(L10,Personaldaten!$B$3:$B$53,0)))} -> 932 | M12: =IF(N10="","","Dienstnummer") -> Dienstnummer | N12: {=IF(N10="","",INDEX(Personaldaten!$E$3:$E$53,MATCH(N10,Personaldaten!$B$3:$B$53,0)))} -> 433 | O12: =IF(P10="","","Dienstnummer") -> Dienstnummer | P12: {=IF(P10="","",INDEX(Personaldaten!$E$3:$E$53,MATCH(P10,Personaldaten!$B$3:$B$53,0)))} -> 544 | Q12: =IF(R10="","","Dienstnummer") -> Dienstnummer | R12: {=IF(R10="","",INDEX(Personaldaten!$E$3:$E$53,MATCH(R10,Personaldaten!$B$3:$B$53,0)))} -> 178
A13: =IF(B10="","","Anschrift") -> Anschrift | B13: {=IF(B10="","",INDEX(Personaldaten!$F$3:$F$53,MATCH(B10,Personaldaten!$B$3:$B$53,0)))} -> Berlin | C13: =IF(D10="","","Anschrift") -> Anschrift | D13: {=IF(D10="","",INDEX(Personaldaten!$F$3:$F$53,MATCH(D10,Personaldaten!$B$3:$B$53,0)))} -> Dortmund | E13: =IF(F10="","","Anschrift") -> Anschrift | F13: {=IF(F10="","",INDEX(Personaldaten!$F$3:$F$53,MATCH(F10,Personaldaten!$B$3:$B$53,0)))} -> Duisburg | G13: =IF(H10="","","Anschrift") -> Anschrift | H13: {=IF(H10="","",INDEX(Personaldaten!$F$3:$F$53,MATCH(H10,Personaldaten!$B$3:$B$53,0)))} -> Mannheim | I13: =IF(J10="","","Anschrift") -> Anschrift | J13: {=IF(J10="","",INDEX(Personaldaten!$F$3:$F$53,MATCH(J10,Personaldaten!$B$3:$B$53,0)))} -> Braunschweig | K13: =IF(L10="","","Anschrift") -> Anschrift | L13: {=IF(L10="","",INDEX(Personaldaten!$F$3:$F$53,MATCH(L10,Personaldaten!$B$3:$B$53,0)))} -> Lübeck | M13: =IF(N10="","","Anschrift") -> Anschrift | N13: {=IF(N10="","",INDEX(Personaldaten!$F$3:$F$53,MATCH(N10,Personaldaten!$B$3:$B$53,0)))} -> Hamm | O13: =IF(P10="","","Anschrift") -> Anschrift | P13: {=IF(P10="","",INDEX(Personaldaten!$F$3:$F$53,MATCH(P10,Personaldaten!$B$3:$B$53,0)))} -> Oldenburg | Q13: =IF(R10="","","Anschrift") -> Anschrift | R13: {=IF(R10="","",INDEX(Personaldaten!$F$3:$F$53,MATCH(R10,Personaldaten!$B$3:$B$53,0)))} -> Osnabrück
A14: =IF(B10="","","Dienst") -> Dienst | B14: {=IF(B10="","",INDEX(Personaldaten!$J$3:$J$53,MATCH(B10,Personaldaten!$B$3:$B$53,0)))} -> Waffenreinigen | C14: =IF(D10="","","Dienst") -> Dienst | D14: {=IF(D10="","",INDEX(Personaldaten!$J$3:$J$53,MATCH(D10,Personaldaten!$B$3:$B$53,0)))} -> Streifendienst | E14: =IF(F10="","","Dienst") -> Dienst | F14: {=IF(F10="","",INDEX(Personaldaten!$J$3:$J$53,MATCH(F10,Personaldaten!$B$3:$B$53,0)))} -> Revierreinigen | G14: =IF(H10="","","Dienst") -> Dienst | H14: {=IF(H10="","",INDEX(Personaldaten!$J$3:$J$53,MATCH(H10,Personaldaten!$B$3:$B$53,0)))} -> Parkdienst Fuhrpark | I14: =IF(J10="","","Dienst") -> Dienst | J14: {=IF(J10="","",INDEX(Personaldaten!$J$3:$J$53,MATCH(J10,Personaldaten!$B$3:$B$53,0)))} -> Revierreinigen | K14: =IF(L10="","","Dienst") -> Dienst | L14: {=IF(L10="","",INDEX(Personaldaten!$J$3:$J$53,MATCH(L10,Personaldaten!$B$3:$B$53,0)))} -> Wachdienst Tor | M14: =IF(N10="","","Dienst") -> Dienst | N14: {=IF(N10="","",INDEX(Personaldaten!$J$3:$J$53,MATCH(N10,Personaldaten!$B$3:$B$53,0)))} -> Gefreiter vom Dienst | O14: =IF(P10="","","Dienst") -> Dienst | P14: {=IF(P10="","",INDEX(Personaldaten!$J$3:$J$53,MATCH(P10,Personaldaten!$B$3:$B$53,0)))} -> Wachdienst Tor | Q14: =IF(R10="","","Dienst") -> Dienst | R14: {=IF(R10="","",INDEX(Personaldaten!$J$3:$J$53,MATCH(R10,Personaldaten!$B$3:$B$53,0)))} -> Streifendienst
A16: {=IF(B16="","",INDEX(Personaldaten!$A$3:$A$53,MATCH(B16,Personaldaten!$B$3:$B$53,0)))} -> Obergefreiter | B16: =IF(Eingabetabelle!B6=0,"",Eingabetabelle!B6) -> Finn Fischer | C16: {=IF(D16="","",INDEX(Personaldaten!$A$3:$A$53,MATCH(D16,Personaldaten!$B$3:$B$53,0)))} -> Gefreiter | D16: =IF(Eingabetabelle!D6=0,"",Eingabetabelle!D6) -> Henry Schäfer | E16: {=IF(F16="","",INDEX(Personaldaten!$A$3:$A$53,MATCH(F16,Personaldaten!$B$3:$B$53,0)))} -> Schütze | F16: =IF(Eingabetabelle!F6=0,"",Eingabetabelle!F6) -> David Neumann | G16: {=IF(H16="","",INDEX(Personaldaten!$A$3:$A$53,MATCH(H16,Personaldaten!$B$3:$B$53,0)))} -> Stabsgefreiter | H16: =IF(Eingabetabelle!H6=0,"",Eingabetabelle!H6) -> Fabian Lange | I16: {=IF(J16="","",INDEX(Personaldaten!$A$3:$A$53,MATCH(J16,Personaldaten!$B$3:$B$53,0)))} -> Schütze | J16: =IF(Eingabetabelle!J6=0,"",Eingabetabelle!J6) -> Hannes Günther | K16: {=IF(L16="","",INDEX(Personaldaten!$A$3:$A$53,MATCH(L16,Personaldaten!$B$3:$B$53,0)))} -> Unteroffizier | L16: =IF(Eingabetabelle!L6=0,"",Eingabetabelle!L6) -> Christian Ludwig | M16: {=IF(N16="","",INDEX(Personaldaten!$A$3:$A$53,MATCH(N16,Personaldaten!$B$3:$B$53,0)))} -> Obergefreiter | N16: =IF(Eingabetabelle!N6=0,"",Eingabetabelle!N6) -> Jens Sommer | O16: {=IF(P16="","",INDEX(Personaldaten!$A$3:$A$53,MATCH(P16,Personaldaten!$B$3:$B$53,0)))} -> Schütze | P16: =IF(Eingabetabelle!P6=0,"",Eingabetabelle!P6) -> Frank Voigt | Q16: {=IF(R16="","",INDEX(Personaldaten!$A$3:$A$53,MATCH(R16,Personaldaten!$B$3:$B$53,0)))} -> Hauptgefreiter | R16: =IF(Eingabetabelle!R6=0,"",Eingabetabelle!R6) -> Daniel Beck
A17: =IF(B16="","","Einberufung") -> Einberufung | B17: {=IF(B16="","",INDEX(Personaldaten!$C$3:$C$53,MATCH(B16,Personaldaten!$B$3:$B$53,0)))} -> 45597 | C17: =IF(D16="","","Einberufung") -> Einberufung | D17: {=IF(D16="","",INDEX(Personaldaten!$C$3:$C$53,MATCH(D16,Personaldaten!$B$3:$B$53,0)))} -> 45703 | E17: =IF(F16="","","Einberufung") -> Einberufung | F17: {=IF(F16="","",INDEX(Personaldaten!$C$3:$C$53,MATCH(F16,Personaldaten!$B$3:$B$53,0)))} -> 45809 | G17: =IF(H16="","","Einberufung") -> Einberufung | H17: {=IF(H16="","",INDEX(Personaldaten!$C$3:$C$53,MATCH(H16,Personaldaten!$B$3:$B$53,0)))} -> 45915 | I17: =IF(J16="","","Einberufung") -> Einberufung | J17: {=IF(J16="","",INDEX(Personaldaten!$C$3:$C$53,MATCH(J16,Personaldaten!$B$3:$B$53,0)))} -> 45992 | K17: =IF(L16="","","Einberufung") -> Einberufung | L17: {=IF(L16="","",INDEX(Personaldaten!$C$3:$C$53,MATCH(L16,Personaldaten!$B$3:$B$53,0)))} -> 45748 | M17: =IF(N16="","","Einberufung") -> Einberufung | N17: {=IF(N16="","",INDEX(Personaldaten!$C$3:$C$53,MATCH(N16,Personaldaten!$B$3:$B$53,0)))} -> 45853 | O17: =IF(P16="","","Einberufung") -> Einberufung | P17: {=IF(P16="","",INDEX(Personaldaten!$C$3:$C$53,MATCH(P16,Personaldaten!$B$3:$B$53,0)))} -> 45931 | Q17: =IF(R16="","","Einberufung") -> Einberufung | R17: {=IF(R16="","",INDEX(Personaldaten!$C$3:$C$53,MATCH(R16,Personaldaten!$B$3:$B$53,0)))} -> 46054
A18: =IF(B16="","","Dienstnummer") -> Dienstnummer | B18: {=IF(B16="","",INDEX(Personaldaten!$E$3:$E$53,MATCH(B16,Personaldaten!$B$3:$B$53,0)))} -> 334 | C18: =IF(D16="","","Dienstnummer") -> Dienstnummer | D18: {=IF(D16="","",INDEX(Personaldaten!$E$3:$E$53,MATCH(D16,Personaldaten!$B$3:$B$53,0)))} -> 512 | E18: =IF(F16="","","Dienstnummer") -> Dienstnummer | F18: {=IF(F16="","",INDEX(Personaldaten!$E$3:$E$53,MATCH(F16,Personaldaten!$B$3:$B$53,0)))} -> 467 | G18: =IF(H16="","","Dienstnummer") -> Dienstnummer | H18: {=IF(H16="","",INDEX(Personaldaten!$E$3:$E$53,MATCH(H16,Personaldaten!$B$3:$B$53,0)))} -> 694 | I18: =IF(J16="","","Dienstnummer") -> Dienstnummer | J18: {=IF(J16="","",INDEX(Personaldaten!$E$3:$E$53,MATCH(J16,Personaldaten!$B$3:$B$53,0)))} -> 726 | K18: =IF(L16="","","Dienstnummer") -> Dienstnummer | L18: {=IF(L16="","",INDEX(Personaldaten!$E$3:$E$53,MATCH(L16,Personaldaten!$B$3:$B$53,0)))} -> 355 | M18: =IF(N16="","","Dienstnummer") -> Dienstnummer | N18: {=IF(N16="","",INDEX(Personaldaten!$E$3:$E$53,MATCH(N16,Personaldaten!$B$3:$B$53,0)))} -> 602 | O18: =IF(P16="","","Dienstnummer") -> Dienstnummer | P18: {=IF(P16="","",INDEX(Personaldaten!$E$3:$E$53,MATCH(P16,Personaldaten!$B$3:$B$53,0)))} -> 178 | Q18: =IF(R16="","","Dienstnummer") -> Dienstnummer | R18: {=IF(R16="","",INDEX(Personaldaten!$E$3:$E$53,MATCH(R16,Personaldaten!$B$3:$B$53,0)))} -> 667
A19: =IF(B16="","","Anschrift") -> Anschrift | B19: {=IF(B16="","",INDEX(Personaldaten!$F$3:$F$53,MATCH(B16,Personaldaten!$B$3:$B$53,0)))} -> Hamburg | C19: =IF(D16="","","Anschrift") -> Anschrift | D19: {=IF(D16="","",INDEX(Personaldaten!$F$3:$F$53,MATCH(D16,Personaldaten!$B$3:$B$53,0)))} -> Leipzig | E19: =IF(F16="","","Anschrift") -> Anschrift | F19: {=IF(F16="","",INDEX(Personaldaten!$F$3:$F$53,MATCH(F16,Personaldaten!$B$3:$B$53,0)))} -> Bochum | G19: =IF(H16="","","Anschrift") -> Anschrift | H19: {=IF(H16="","",INDEX(Personaldaten!$F$3:$F$53,MATCH(H16,Personaldaten!$B$3:$B$53,0)))} -> Augsburg | I19: =IF(J16="","","Anschrift") -> Anschrift | J19: {=IF(J16="","",INDEX(Personaldaten!$F$3:$F$53,MATCH(J16,Personaldaten!$B$3:$B$53,0)))} -> Kiel | K19: =IF(L16="","","Anschrift") -> Anschrift | L19: {=IF(L16="","",INDEX(Personaldaten!$F$3:$F$53,MATCH(L16,Personaldaten!$B$3:$B$53,0)))} -> Oberhausen | M19: =IF(N16="","","Anschrift") -> Anschrift | N19: {=IF(N16="","",INDEX(Personaldaten!$F$3:$F$53,MATCH(N16,Personaldaten!$B$3:$B$53,0)))} -> Saarbrücken | O19: =IF(P16="","","Anschrift") -> Anschrift | P19: {=IF(P16="","",INDEX(Personaldaten!$F$3:$F$53,MATCH(P16,Personaldaten!$B$3:$B$53,0)))} -> Osnabrück | Q19: =IF(R16="","","Anschrift") -> Anschrift | R19: {=IF(R16="","",INDEX(Personaldaten!$F$3:$F$53,MATCH(R16,Personaldaten!$B$3:$B$53,0)))} -> Magdeburg
A20: =IF(B16="","","Dienst") -> Dienst | B20: {=IF($B16="","",INDEX(Personaldaten!$J$3:$J$53,MATCH($B16,Personaldaten!$B$3:$B$53,0)))} -> Gefreiter vom Dienst | C20: =IF(D16="","","Dienst") -> Dienst | D20: {=IF($B16="","",INDEX(Personaldaten!$J$3:$J$53,MATCH($B16,Personaldaten!$B$3:$B$53,0)))} -> Gefreiter vom Dienst | E20: =IF(F16="","","Dienst") -> Dienst | F20: {=IF($B16="","",INDEX(Personaldaten!$J$3:$J$53,MATCH($B16,Personaldaten!$B$3:$B$53,0)))} -> Gefreiter vom Dienst | G20: =IF(H16="","","Dienst") -> Dienst | H20: {=IF($B16="","",INDEX(Personaldaten!$J$3:$J$53,MATCH($B16,Personaldaten!$B$3:$B$53,0)))} -> Gefreiter vom Dienst | I20: =IF(J16="","","Dienst") -> Dienst | J20: {=IF($B16="","",INDEX(Personaldaten!$J$3:$J$53,MATCH($B16,Personaldaten!$B$3:$B$53,0)))} -> Gefreiter vom Dienst | K20: =IF(L16="","","Dienst") -> Dienst | L20: {=IF($B16="","",INDEX(Personaldaten!$J$3:$J$53,MATCH($B16,Personaldaten!$B$3:$B$53,0)))} -> Gefreiter vom Dienst | M20: =IF(N16="","","Dienst") -> Dienst | N20: {=IF($B16="","",INDEX(Personaldaten!$J$3:$J$53,MATCH($B16,Personaldaten!$B$3:$B$53,0)))} -> Gefreiter vom Dienst | O20: =IF(P16="","","Dienst") -> Dienst | P20: {=IF($B16="","",INDEX(Personaldaten!$J$3:$J$53,MATCH($B16,Personaldaten!$B$3:$B$53,0)))} -> Gefreiter vom Dienst | Q20: =IF(R16="","","Dienst") -> Dienst | R20: {=IF($B16="","",INDEX(Personaldaten!$J$3:$J$53,MATCH($B16,Personaldaten!$B$3:$B$53,0)))} -> Gefreiter vom Dienst
A22: {=IF(B22="","",INDEX(Personaldaten!$A$3:$A$53,MATCH(B22,Personaldaten!$B$3:$B$53,0)))} -> Hauptgefreiter | B22: =IF(Eingabetabelle!B7=0,"",Eingabetabelle!B7) -> Leon Weber | C22: {=IF(D22="","",INDEX(Personaldaten!$A$3:$A$53,MATCH(D22,Personaldaten!$B$3:$B$53,0)))} -> Hauptgefreiter | D22: =IF(Eingabetabelle!D7=0,"",Eingabetabelle!D7) -> Anton Koch | E22: {=IF(F22="","",INDEX(Personaldaten!$A$3:$A$53,MATCH(F22,Personaldaten!$B$3:$B$53,0)))} -> Obergefreiter | F22: =IF(Eingabetabelle!F7=0,"",Eingabetabelle!F7) -> Nico Schwarz | G22: {=IF(H22="","",INDEX(Personaldaten!$A$3:$A$53,MATCH(H22,Personaldaten!$B$3:$B$53,0)))} -> Gefreiter | H22: =IF(Eingabetabelle!H7=0,"",Eingabetabelle!H7) -> Simon Schmitt | I22: {=IF(J22="","",INDEX(Personaldaten!$A$3:$A$53,MATCH(J22,Personaldaten!$B$3:$B$53,0)))} -> Gefreiter | J22: =IF(Eingabetabelle!J7=0,"",Eingabetabelle!J7) -> Vincent Berger | K22: {=IF(L22="","",INDEX(Personaldaten!$A$3:$A$53,MATCH(L22,Personaldaten!$B$3:$B$53,0)))} -> Hauptgefreiter | L22: =IF(Eingabetabelle!L7=0,"",Eingabetabelle!L7) -> Thomas Böhm | M22: {=IF(N22="","",INDEX(Personaldaten!$A$3:$A$53,MATCH(N22,Personaldaten!$B$3:$B$53,0)))} -> Hauptgefreiter | N22: =IF(Eingabetabelle!N7=0,"",Eingabetabelle!N7) -> Holger Scholz | O22: {=IF(P22="","",INDEX(Personaldaten!$A$3:$A$53,MATCH(P22,Personaldaten!$B$3:$B$53,0)))} -> Hauptgefreiter | P22: =IF(Eingabetabelle!P7=0,"",Eingabetabelle!P7) -> Klaus Hahn | Q22: {=IF(R22="","",INDEX(Personaldaten!$A$3:$A$53,MATCH(R22,Personaldaten!$B$3:$B$53,0)))} -> Gefreiter | R22: =IF(Eingabetabelle!R7=0,"",Eingabetabelle!R7) -> Kevin Lorenz
A23: =IF(B22="","","Einberufung") -> Einberufung | B23: {=IF(B22="","",INDEX(Personaldaten!$C$3:$C$53,MATCH(B22,Personaldaten!$B$3:$B$53,0)))} -> 45611 | C23: =IF(D22="","","Einberufung") -> Einberufung | D23: {=IF(D22="","",INDEX(Personaldaten!$C$3:$C$53,MATCH(D22,Personaldaten!$B$3:$B$53,0)))} -> 45717 | E23: =IF(F22="","","Einberufung") -> Einberufung | F23: {=IF(F22="","",INDEX(Personaldaten!$C$3:$C$53,MATCH(F22,Personaldaten!$B$3:$B$53,0)))} -> 45823 | G23: =IF(H22="","","Einberufung") -> Einberufung | H23: {=IF(H22="","",INDEX(Personaldaten!$C$3:$C$53,MATCH(H22,Personaldaten!$B$3:$B$53,0)))} -> 45931 | I23: =IF(J22="","","Einberufung") -> Einberufung | J23: {=IF(J22="","",INDEX(Personaldaten!$C$3:$C$53,MATCH(J22,Personaldaten!$B$3:$B$53,0)))} -> 46006 | K23: =IF(L22="","","Einberufung") -> Einberufung | L23: {=IF(L22="","",INDEX(Personaldaten!$C$3:$C$53,MATCH(L22,Personaldaten!$B$3:$B$53,0)))} -> 45762 | M23: =IF(N22="","","Einberufung") -> Einberufung | N23: {=IF(N22="","",INDEX(Personaldaten!$C$3:$C$53,MATCH(N22,Personaldaten!$B$3:$B$53,0)))} -> 45870 | O23: =IF(P22="","","Einberufung") -> Einberufung | P23: {=IF(P22="","",INDEX(Personaldaten!$C$3:$C$53,MATCH(P22,Personaldaten!$B$3:$B$53,0)))} -> 45945 | Q23: =IF(R22="","","Einberufung") -> Einberufung | R23: {=IF(R22="","",INDEX(Personaldaten!$C$3:$C$53,MATCH(R22,Personaldaten!$B$3:$B$53,0)))} -> 46068
A24: =IF(B22="","","Dienstnummer") -> Dienstnummer | B24: {=IF(B22="","",INDEX(Personaldaten!$E$3:$E$53,MATCH(B22,Personaldaten!$B$3:$B$53,0)))} -> 901 | C24: =IF(D22="","","Dienstnummer") -> Dienstnummer | D24: {=IF(D22="","",INDEX(Personaldaten!$E$3:$E$53,MATCH(D22,Personaldaten!$B$3:$B$53,0)))} -> 390 | E24: =IF(F22="","","Dienstnummer") -> Dienstnummer | F24: {=IF(F22="","",INDEX(Personaldaten!$E$3:$E$53,MATCH(F22,Personaldaten!$B$3:$B$53,0)))} -> 621 | G24: =IF(H22="","","Dienstnummer") -> Dienstnummer | H24: {=IF(H22="","",INDEX(Personaldaten!$E$3:$E$53,MATCH(H22,Personaldaten!$B$3:$B$53,0)))} -> 319 | I24: =IF(J22="","","Dienstnummer") -> Dienstnummer | J24: {=IF(J22="","",INDEX(Personaldaten!$E$3:$E$53,MATCH(J22,Personaldaten!$B$3:$B$53,0)))} -> 503 | K24: =IF(L22="","","Dienstnummer") -> Dienstnummer | L24: {=IF(L22="","",INDEX(Personaldaten!$E$3:$E$53,MATCH(L22,Personaldaten!$B$3:$B$53,0)))} -> 578 | M24: =IF(N22="","","Dienstnummer") -> Dienstnummer | N24: {=IF(N22="","",INDEX(Personaldaten!$E$3:$E$53,MATCH(N22,Personaldaten!$B$3:$B$53,0)))} -> 265 | O24: =IF(P22="","","Dienstnummer") -> Dienstnummer | P24: {=IF(P22="","",INDEX(Personaldaten!$E$3:$E$53,MATCH(P22,Personaldaten!$B$3:$B$53,0)))} -> 750 | Q24: =IF(R22="","","Dienstnummer") -> Dienstnummer | R24: {=IF(R22="","",INDEX(Personaldaten!$E$3:$E$53,MATCH(R22,Personaldaten!$B$3:$B$53,0)))} -> 412
A25: =IF(B22="","","Anschrift") -> Anschrift | B25: {=IF(B22="","",INDEX(Personaldaten!$F$3:$F$53,MATCH(B22,Personaldaten!$B$3:$B$53,0)))} -> München | C25: =IF(D22="","","Anschrift") -> Anschrift | D25: {=IF(D22="","",INDEX(Personaldaten!$F$3:$F$53,MATCH(D22,Personaldaten!$B$3:$B$53,0)))} -> Essen | E25: =IF(F22="","","Anschrift") -> Anschrift | F25: {=IF(F22="","",INDEX(Personaldaten!$F$3:$F$53,MATCH(F22,Personaldaten!$B$3:$B$53,0)))} -> Wuppertal | G25: =IF(H22="","","Anschrift") -> Anschrift | H25: {=IF(H22="","",INDEX(Personaldaten!$F$3:$F$53,MATCH(H22,Personaldaten!$B$3:$B$53,0)))} -> Wiesbaden | I25: =IF(J22="","","Anschrift") -> Anschrift | J25: {=IF(J22="","",INDEX(Personaldaten!$F$3:$F$53,MATCH(J22,Personaldaten!$B$3:$B$53,0)))} -> Chemnitz | K25: =IF(L22="","","Anschrift") -> Anschrift | L25: {=IF(L22="","",INDEX(Personaldaten!$F$3:$F$53,MATCH(L22,Personaldaten!$B$3:$B$53,0)))} -> Erfurt | M25: =IF(N22="","","Anschrift") -> Anschrift | N25: {=IF(N22="","",INDEX(Personaldaten!$F$3:$F$53,MATCH(N22,Personaldaten!$B$3:$B$53,0)))} -> Potsdam | O25: =IF(P22="","","Anschrift") -> Anschrift | P25: {=IF(P22="","",INDEX(Personaldaten!$F$3:$F$53,MATCH(P22,Personaldaten!$B$3:$B$53,0)))} -> Solingen | Q25: =IF(R22="","","Anschrift") -> Anschrift | R25: {=IF(R22="","",INDEX(Personaldaten!$F$3:$F$53,MATCH(R22,Personaldaten!$B$3:$B$53,0)))} -> Freiburg
A26: =IF(B22="","","Dienst") -> Dienst | B26: {=IF(B22="","",INDEX(Personaldaten!$J$3:$J$53,MATCH(B22,Personaldaten!$B$3:$B$53,0)))} -> Revierreinigen | C26: =IF(D22="","","Dienst") -> Dienst | D26: {=IF(D22="","",INDEX(Personaldaten!$J$3:$J$53,MATCH(D22,Personaldaten!$B$3:$B$53,0)))} -> Parkdienst Fuhrpark | E26: =IF(F22="","","Dienst") -> Dienst | F26: {=IF(F22="","",INDEX(Personaldaten!$J$3:$J$53,MATCH(F22,Personaldaten!$B$3:$B$53,0)))} -> Wachdienst Tor | G26: =IF(H22="","","Dienst") -> Dienst | H26: {=IF(H22="","",INDEX(Personaldaten!$J$3:$J$53,MATCH(H22,Personaldaten!$B$3:$B$53,0)))} -> Gefreiter vom Dienst | I26: =IF(J22="","","Dienst") -> Dienst | J26: {=IF(J22="","",INDEX(Personaldaten!$J$3:$J$53,MATCH(J22,Personaldaten!$B$3:$B$53,0)))} -> Wachdienst Tor | K26: =IF(L22="","","Dienst") -> Dienst | L26: {=IF(L22="","",INDEX(Personaldaten!$J$3:$J$53,MATCH(L22,Personaldaten!$B$3:$B$53,0)))} -> Streifendienst | M26: =IF(N22="","","Dienst") -> Dienst | N26: {=IF(N22="","",INDEX(Personaldaten!$J$3:$J$53,MATCH(N22,Personaldaten!$B$3:$B$53,0)))} -> Waffenreinigen | O26: =IF(P22="","","Dienst") -> Dienst | P26: {=IF(P22="","",INDEX(Personaldaten!$J$3:$J$53,MATCH(P22,Personaldaten!$B$3:$B$53,0)))} -> Gefreiter vom Dienst | Q26: =IF(R22="","","Dienst") -> Dienst | R26: {=IF(R22="","",INDEX(Personaldaten!$J$3:$J$53,MATCH(R22,Personaldaten!$B$3:$B$53,0)))} -> Revierreinigen
A28: {=IF(B28="","",INDEX(Personaldaten!$A$3:$A$53,MATCH(B28,Personaldaten!$B$3:$B$53,0)))} -> Stabsgefreiter | B28: =IF(Eingabetabelle!B8=0,"",Eingabetabelle!B8) -> Elias Meyer | C28: {=IF(D28="","",INDEX(Personaldaten!$A$3:$A$53,MATCH(D28,Personaldaten!$B$3:$B$53,0)))} -> Obergefreiter | D28: =IF(Eingabetabelle!D8=0,"",Eingabetabelle!D8) -> Ben Bauer | E28: {=IF(F28="","",INDEX(Personaldaten!$A$3:$A$53,MATCH(F28,Personaldaten!$B$3:$B$53,0)))} -> Feldwebel | F28: =IF(Eingabetabelle!F8=0,"",Eingabetabelle!F8) -> Tim Zimmermann | G28: {=IF(H28="","",INDEX(Personaldaten!$A$3:$A$53,MATCH(H28,Personaldaten!$B$3:$B$53,0)))} -> Unteroffizier | H28: =IF(Eingabetabelle!H8=0,"",Eingabetabelle!H8) -> Matteo Werner | I28: {=IF(J28="","",INDEX(Personaldaten!$A$3:$A$53,MATCH(J28,Personaldaten!$B$3:$B$53,0)))} | J28: =IF(Eingabetabelle!J8=0,"",Eingabetabelle!J8) | K28: {=IF(L28="","",INDEX(Personaldaten!$A$3:$A$53,MATCH(L28,Personaldaten!$B$3:$B$53,0)))} -> Gefreiter | L28: =IF(Eingabetabelle!L8=0,"",Eingabetabelle!L8) -> Patrick Krause | M28: {=IF(N28="","",INDEX(Personaldaten!$A$3:$A$53,MATCH(N28,Personaldaten!$B$3:$B$53,0)))} -> Unteroffizier | N28: =IF(Eingabetabelle!N8=0,"",Eingabetabelle!N8) -> Peter Graf | O28: {=IF(P28="","",INDEX(Personaldaten!$A$3:$A$53,MATCH(P28,Personaldaten!$B$3:$B$53,0)))} | P28: =IF(Eingabetabelle!P8=0,"",Eingabetabelle!P8) | Q28: {=IF(R28="","",INDEX(Personaldaten!$A$3:$A$53,MATCH(R28,Personaldaten!$B$3:$B$53,0)))} | R28: =IF(Eingabetabelle!R8=0,"",Eingabetabelle!R8)
A29: =IF(B28="","","Einberufung") -> Einberufung | B29: {=IF(B28="","",INDEX(Personaldaten!$C$3:$C$53,MATCH(B28,Personaldaten!$B$3:$B$53,0)))} -> 45627 | C29: =IF(D28="","","Einberufung") -> Einberufung | D29: {=IF(D28="","",INDEX(Personaldaten!$C$3:$C$53,MATCH(D28,Personaldaten!$B$3:$B$53,0)))} -> 45731 | E29: =IF(F28="","","Einberufung") -> Einberufung | F29: {=IF(F28="","",INDEX(Personaldaten!$C$3:$C$53,MATCH(F28,Personaldaten!$B$3:$B$53,0)))} -> 45839 | G29: =IF(H28="","","Einberufung") -> Einberufung | H29: {=IF(H28="","",INDEX(Personaldaten!$C$3:$C$53,MATCH(H28,Personaldaten!$B$3:$B$53,0)))} -> 45945 | I29: =IF(J28="","","Einberufung") | J29: {=IF(J28="","",INDEX(Personaldaten!$C$3:$C$53,MATCH(J28,Personaldaten!$B$3:$B$53,0)))} | K29: =IF(L28="","","Einberufung") -> Einberufung | L29: {=IF(L28="","",INDEX(Personaldaten!$C$3:$C$53,MATCH(L28,Personaldaten!$B$3:$B$53,0)))} -> 45778 | M29: =IF(N28="","","Einberufung") -> Einberufung | N29: {=IF(N28="","",INDEX(Personaldaten!$C$3:$C$53,MATCH(N28,Personaldaten!$B$3:$B$53,0)))} -> 45884 | O29: =IF(P28="","","Einberufung") | P29: {=IF(P28="","",INDEX(Personaldaten!$C$3:$C$53,MATCH(P28,Personaldaten!$B$3:$B$53,0)))} | Q29: =IF(R28="","","Einberufung") | R29: {=IF(R28="","",INDEX(Personaldaten!$C$3:$C$53,MATCH(R28,Personaldaten!$B$3:$B$53,0)))}
A30: =IF(B28="","","Dienstnummer") -> Dienstnummer | B30: {=IF(B28="","",INDEX(Personaldaten!$E$3:$E$53,MATCH(B28,Personaldaten!$B$3:$B$53,0)))} -> 156 | C30: =IF(D28="","","Dienstnummer") -> Dienstnummer | D30: {=IF(D28="","",INDEX(Personaldaten!$E$3:$E$53,MATCH(D28,Personaldaten!$B$3:$B$53,0)))} -> 845 | E30: =IF(F28="","","Dienstnummer") -> Dienstnummer | F30: {=IF(F28="","",INDEX(Personaldaten!$E$3:$E$53,MATCH(F28,Personaldaten!$B$3:$B$53,0)))} -> 305 | G30: =IF(H28="","","Dienstnummer") -> Dienstnummer | H30: {=IF(H28="","",INDEX(Personaldaten!$E$3:$E$53,MATCH(H28,Personaldaten!$B$3:$B$53,0)))} -> 954 | I30: =IF(J28="","","Dienstnummer") | J30: {=IF(J28="","",INDEX(Personaldaten!$E$3:$E$53,MATCH(J28,Personaldaten!$B$3:$B$53,0)))} | K30: =IF(L28="","","Dienstnummer") -> Dienstnummer | L30: {=IF(L28="","",INDEX(Personaldaten!$E$3:$E$53,MATCH(L28,Personaldaten!$B$3:$B$53,0)))} -> 224 | M30: =IF(N28="","","Dienstnummer") -> Dienstnummer | N30: {=IF(N28="","",INDEX(Personaldaten!$E$3:$E$53,MATCH(N28,Personaldaten!$B$3:$B$53,0)))} -> 981 | O30: =IF(P28="","","Dienstnummer") | P30: {=IF(P28="","",INDEX(Personaldaten!$E$3:$E$53,MATCH(P28,Personaldaten!$B$3:$B$53,0)))} | Q30: =IF(R28="","","Dienstnummer") | R30: {=IF(R28="","",INDEX(Personaldaten!$E$3:$E$53,MATCH(R28,Personaldaten!$B$3:$B$53,0)))}
A31: =IF(B28="","","Anschrift") -> Anschrift | B31: {=IF(B28="","",INDEX(Personaldaten!$F$3:$F$53,MATCH(B28,Personaldaten!$B$3:$B$53,0)))} -> Köln | C31: =IF(D28="","","Anschrift") -> Anschrift | D31: {=IF(D28="","",INDEX(Personaldaten!$F$3:$F$53,MATCH(D28,Personaldaten!$B$3:$B$53,0)))} -> Bremen | E31: =IF(F28="","","Anschrift") -> Anschrift | F31: {=IF(F28="","",INDEX(Personaldaten!$F$3:$F$53,MATCH(F28,Personaldaten!$B$3:$B$53,0)))} -> Bielefeld | G31: =IF(H28="","","Anschrift") -> Anschrift | H31: {=IF(H28="","",INDEX(Personaldaten!$F$3:$F$53,MATCH(H28,Personaldaten!$B$3:$B$53,0)))} -> Gelsenkirchen | I31: =IF(J28="","","Anschrift") | J31: {=IF(J28="","",INDEX(Personaldaten!$F$3:$F$53,MATCH(J28,Personaldaten!$B$3:$B$53,0)))} | K31: =IF(L28="","","Anschrift") -> Anschrift | L31: {=IF(L28="","",INDEX(Personaldaten!$F$3:$F$53,MATCH(L28,Personaldaten!$B$3:$B$53,0)))} -> Mainz | M31: =IF(N28="","","Anschrift") -> Anschrift | N31: {=IF(N28="","",INDEX(Personaldaten!$F$3:$F$53,MATCH(N28,Personaldaten!$B$3:$B$53,0)))} -> Ludwigshafen | O31: =IF(P28="","","Anschrift") | P31: {=IF(P28="","",INDEX(Personaldaten!$F$3:$F$53,MATCH(P28,Personaldaten!$B$3:$B$53,0)))} | Q31: =IF(R28="","","Anschrift") | R31: {=IF(R28="","",INDEX(Personaldaten!$F$3:$F$53,MATCH(R28,Personaldaten!$B$3:$B$53,0)))}
A32: =IF(B28="","","Dienst") -> Dienst | B32: {=IF(B28="","",INDEX(Personaldaten!$J$3:$J$53,MATCH(B28,Personaldaten!$B$3:$B$53,0)))} -> Streifendienst | C32: =IF(D28="","","Dienst") -> Dienst | D32: {=IF(D28="","",INDEX(Personaldaten!$J$3:$J$53,MATCH(D28,Personaldaten!$B$3:$B$53,0)))} -> Wachdienst Tor | E32: =IF(F28="","","Dienst") -> Dienst | F32: {=IF(F28="","",INDEX(Personaldaten!$J$3:$J$53,MATCH(F28,Personaldaten!$B$3:$B$53,0)))} -> Gefreiter vom Dienst | G32: =IF(H28="","","Dienst") -> Dienst | H32: {=IF(H28="","",INDEX(Personaldaten!$J$3:$J$53,MATCH(H28,Personaldaten!$B$3:$B$53,0)))} -> Waffenreinigen | I32: =IF(J28="","","Dienst") | J32: {=IF(J28="","",INDEX(Personaldaten!$J$3:$J$53,MATCH(J28,Personaldaten!$B$3:$B$53,0)))} | K32: =IF(L28="","","Dienst") -> Dienst | L32: {=IF(L28="","",INDEX(Personaldaten!$J$3:$J$53,MATCH(L28,Personaldaten!$B$3:$B$53,0)))} -> Waffenreinigen | M32: =IF(N28="","","Dienst") -> Dienst | N32: {=IF(N28="","",INDEX(Personaldaten!$J$3:$J$53,MATCH(N28,Personaldaten!$B$3:$B$53,0)))} -> Revierreinigen | O32: =IF(P28="","","Dienst") | P32: {=IF(P28="","",INDEX(Personaldaten!$J$3:$J$53,MATCH(P28,Personaldaten!$B$3:$B$53,0)))} | Q32: =IF(R28="","","Dienst") | R32: {=IF(R28="","",INDEX(Personaldaten!$J$3:$J$53,MATCH(R28,Personaldaten!$B$3:$B$53,0)))}
A34: {=IF(B34="","",INDEX(Personaldaten!$A$3:$A$53,MATCH(B34,Personaldaten!$B$3:$B$53,0)))} -> Unteroffizier | B34: =IF(Eingabetabelle!B9=0,"",Eingabetabelle!B9) -> Jonas Wagner | C34: {=IF(D34="","",INDEX(Personaldaten!$A$3:$A$53,MATCH(D34,Personaldaten!$B$3:$B$53,0)))} -> Stabsgefreiter | D34: =IF(Eingabetabelle!D9=0,"",Eingabetabelle!D9) -> Jakob Richter | E34: {=IF(F34="","",INDEX(Personaldaten!$A$3:$A$53,MATCH(F34,Personaldaten!$B$3:$B$53,0)))} -> Gefreiter | F34: =IF(Eingabetabelle!F9=0,"",Eingabetabelle!F9) -> Erik Braun | G34: {=IF(H34="","",INDEX(Personaldaten!$A$3:$A$53,MATCH(H34,Personaldaten!$B$3:$B$53,0)))} | H34: =IF(Eingabetabelle!H9=0,"",Eingabetabelle!H9) | I34: {=IF(J34="","",INDEX(Personaldaten!$A$3:$A$53,MATCH(J34,Personaldaten!$B$3:$B$53,0)))} | J34: =IF(Eingabetabelle!J9=0,"",Eingabetabelle!J9) | K34: {=IF(L34="","",INDEX(Personaldaten!$A$3:$A$53,MATCH(L34,Personaldaten!$B$3:$B$53,0)))} -> Obergefreiter | L34: =IF(Eingabetabelle!L9=0,"",Eingabetabelle!L9) -> Sebastian Jäger | M34: {=IF(N34="","",INDEX(Personaldaten!$A$3:$A$53,MATCH(N34,Personaldaten!$B$3:$B$53,0)))} | N34: =IF(Eingabetabelle!N9=0,"",Eingabetabelle!N9) | O34: {=IF(P34="","",INDEX(Personaldaten!$A$3:$A$53,MATCH(P34,Personaldaten!$B$3:$B$53,0)))} | P34: =IF(Eingabetabelle!P9=0,"",Eingabetabelle!P9) | Q34: {=IF(R34="","",INDEX(Personaldaten!$A$3:$A$53,MATCH(R34,Personaldaten!$B$3:$B$53,0)))} | R34: =IF(Eingabetabelle!R9=0,"",Eingabetabelle!R9)
A35: =IF(B34="","","Einberufung") -> Einberufung | B35: {=IF(B34="","",INDEX(Personaldaten!$C$3:$C$53,MATCH(B34,Personaldaten!$B$3:$B$53,0)))} -> 45641 | C35: =IF(D34="","","Einberufung") -> Einberufung | D35: {=IF(D34="","",INDEX(Personaldaten!$C$3:$C$53,MATCH(D34,Personaldaten!$B$3:$B$53,0)))} -> 45748 | E35: =IF(F34="","","Einberufung") -> Einberufung | F35: {=IF(F34="","",INDEX(Personaldaten!$C$3:$C$53,MATCH(F34,Personaldaten!$B$3:$B$53,0)))} -> 45853 | G35: =IF(H34="","","Einberufung") | H35: {=IF(H34="","",INDEX(Personaldaten!$C$3:$C$53,MATCH(H34,Personaldaten!$B$3:$B$53,0)))} | I35: =IF(J34="","","Einberufung") | J35: {=IF(J34="","",INDEX(Personaldaten!$C$3:$C$53,MATCH(J34,Personaldaten!$B$3:$B$53,0)))} | K35: =IF(L34="","","Einberufung") -> Einberufung | L35: {=IF(L34="","",INDEX(Personaldaten!$C$3:$C$53,MATCH(L34,Personaldaten!$B$3:$B$53,0)))} -> 45792 | M35: =IF(N34="","","Einberufung") | N35: {=IF(N34="","",INDEX(Personaldaten!$C$3:$C$53,MATCH(N34,Personaldaten!$B$3:$B$53,0)))} | O35: =IF(P34="","","Einberufung") | P35: {=IF(P34="","",INDEX(Personaldaten!$C$3:$C$53,MATCH(P34,Personaldaten!$B$3:$B$53,0)))} | Q35: =IF(R34="","","Einberufung") | R35: {=IF(R34="","",INDEX(Personaldaten!$C$3:$C$53,MATCH(R34,Personaldaten!$B$3:$B$53,0)))}
A36: =IF(B34="","","Dienstnummer") -> Dienstnummer | B36: {=IF(B34="","",INDEX(Personaldaten!$E$3:$E$53,MATCH(B34,Personaldaten!$B$3:$B$53,0)))} -> 778 | C36: =IF(D34="","","Dienstnummer") -> Dienstnummer | D36: {=IF(D34="","",INDEX(Personaldaten!$E$3:$E$53,MATCH(D34,Personaldaten!$B$3:$B$53,0)))} -> 202 | E36: =IF(F34="","","Dienstnummer") -> Dienstnummer | F36: {=IF(F34="","",INDEX(Personaldaten!$E$3:$E$53,MATCH(F34,Personaldaten!$B$3:$B$53,0)))} -> 889 | G36: =IF(H34="","","Dienstnummer") | H36: {=IF(H34="","",INDEX(Personaldaten!$E$3:$E$53,MATCH(H34,Personaldaten!$B$3:$B$53,0)))} | I36: =IF(J34="","","Dienstnummer") | J36: {=IF(J34="","",INDEX(Personaldaten!$E$3:$E$53,MATCH(J34,Personaldaten!$B$3:$B$53,0)))} | K36: =IF(L34="","","Dienstnummer") -> Dienstnummer | L36: {=IF(L34="","",INDEX(Personaldaten!$E$3:$E$53,MATCH(L34,Personaldaten!$B$3:$B$53,0)))} -> 741 | M36: =IF(N34="","","Dienstnummer") | N36: {=IF(N34="","",INDEX(Personaldaten!$E$3:$E$53,MATCH(N34,Personaldaten!$B$3:$B$53,0)))} | O36: =IF(P34="","","Dienstnummer") | P36: {=IF(P34="","",INDEX(Personaldaten!$E$3:$E$53,MATCH(P34,Personaldaten!$B$3:$B$53,0)))} | Q36: =IF(R34="","","Dienstnummer") | R36: {=IF(R34="","",INDEX(Personaldaten!$E$3:$E$53,MATCH(R34,Personaldaten!$B$3:$B$53,0)))}
A37: =IF(B34="","","Anschrift") -> Anschrift | B37: {=IF(B34="","",INDEX(Personaldaten!$F$3:$F$53,MATCH(B34,Personaldaten!$B$3:$B$53,0)))} -> Frankfurt | C37: =IF(D34="","","Anschrift") -> Anschrift | D37: {=IF(D34="","",INDEX(Personaldaten!$F$3:$F$53,MATCH(D34,Personaldaten!$B$3:$B$53,0)))} -> Dresden | E37: =IF(F34="","","Anschrift") -> Anschrift | F37: {=IF(F34="","",INDEX(Personaldaten!$F$3:$F$53,MATCH(F34,Personaldaten!$B$3:$B$53,0)))} -> Bonn | G37: =IF(H34="","","Anschrift") | H37: {=IF(H34="","",INDEX(Personaldaten!$F$3:$F$53,MATCH(H34,Personaldaten!$B$3:$B$53,0)))} | I37: =IF(J34="","","Anschrift") | J37: {=IF(J34="","",INDEX(Personaldaten!$F$3:$F$53,MATCH(J34,Personaldaten!$B$3:$B$53,0)))} | K37: =IF(L34="","","Anschrift") -> Anschrift | L37: {=IF(L34="","",INDEX(Personaldaten!$F$3:$F$53,MATCH(L34,Personaldaten!$B$3:$B$53,0)))} -> Rostock | M37: =IF(N34="","","Anschrift") | N37: {=IF(N34="","",INDEX(Personaldaten!$F$3:$F$53,MATCH(N34,Personaldaten!$B$3:$B$53,0)))} | O37: =IF(P34="","","Anschrift") | P37: {=IF(P34="","",INDEX(Personaldaten!$F$3:$F$53,MATCH(P34,Personaldaten!$B$3:$B$53,0)))} | Q37: =IF(R34="","","Anschrift") | R37: {=IF(R34="","",INDEX(Personaldaten!$F$3:$F$53,MATCH(R34,Personaldaten!$B$3:$B$53,0)))}
A38: =IF(B34="","","Dienst") -> Dienst | B38: {=IF(B34="","",INDEX(Personaldaten!$J$3:$J$53,MATCH(B34,Personaldaten!$B$3:$B$53,0)))} -> Parkdienst Fuhrpark | C38: =IF(D34="","","Dienst") -> Dienst | D38: {=IF(D34="","",INDEX(Personaldaten!$J$3:$J$53,MATCH(D34,Personaldaten!$B$3:$B$53,0)))} -> Streifendienst | E38: =IF(F34="","","Dienst") -> Dienst | F38: {=IF(F34="","",INDEX(Personaldaten!$J$3:$J$53,MATCH(F34,Personaldaten!$B$3:$B$53,0)))} -> Waffenreinigen | G38: =IF(H34="","","Dienst") | H38: {=IF(H34="","",INDEX(Personaldaten!$J$3:$J$53,MATCH(H34,Personaldaten!$B$3:$B$53,0)))} | I38: =IF(J34="","","Dienst") | J38: {=IF(J34="","",INDEX(Personaldaten!$J$3:$J$53,MATCH(J34,Personaldaten!$B$3:$B$53,0)))} | K38: =IF(L34="","","Dienst") -> Dienst | L38: {=IF(L34="","",INDEX(Personaldaten!$J$3:$J$53,MATCH(L34,Personaldaten!$B$3:$B$53,0)))} -> Revierreinigen | M38: =IF(N34="","","Dienst") | N38: {=IF(N34="","",INDEX(Personaldaten!$J$3:$J$53,MATCH(N34,Personaldaten!$B$3:$B$53,0)))} | O38: =IF(P34="","","Dienst") | P38: {=IF(P34="","",INDEX(Personaldaten!$J$3:$J$53,MATCH(P34,Personaldaten!$B$3:$B$53,0)))} | Q38: =IF(R34="","","Dienst") | R38: {=IF(R34="","",INDEX(Personaldaten!$J$3:$J$53,MATCH(R34,Personaldaten!$B$3:$B$53,0)))}
A40: {=IF(B40="","",INDEX(Personaldaten!$A$3:$A$53,MATCH(B40,Personaldaten!$B$3:$B$53,0)))} -> Fahnenjunker | B40: =IF(Eingabetabelle!B10=0,"",Eingabetabelle!B10) -> Felix Becker | C40: {=IF(D40="","",INDEX(Personaldaten!$A$3:$A$53,MATCH(D40,Personaldaten!$B$3:$B$53,0)))} -> Unteroffizier | D40: =IF(Eingabetabelle!D10=0,"",Eingabetabelle!D10) -> Moritz Klein | E40: {=IF(F40="","",INDEX(Personaldaten!$A$3:$A$53,MATCH(F40,Personaldaten!$B$3:$B$53,0)))} -> Hauptgefreiter | F40: =IF(Eingabetabelle!F10=0,"",Eingabetabelle!F10) -> Jan Krüger | G40: {=IF(H40="","",INDEX(Personaldaten!$A$3:$A$53,MATCH(H40,Personaldaten!$B$3:$B$53,0)))} | H40: =IF(Eingabetabelle!H10=0,"",Eingabetabelle!H10) | I40: {=IF(J40="","",INDEX(Personaldaten!$A$3:$A$53,MATCH(J40,Personaldaten!$B$3:$B$53,0)))} | J40: =IF(Eingabetabelle!J10=0,"",Eingabetabelle!J10) | K40: {=IF(L40="","",INDEX(Personaldaten!$A$3:$A$53,MATCH(L40,Personaldaten!$B$3:$B$53,0)))} -> Schütze | L40: =IF(Eingabetabelle!L10=0,"",Eingabetabelle!L10) -> Tobias Schütz | M40: {=IF(N40="","",INDEX(Personaldaten!$A$3:$A$53,MATCH(N40,Personaldaten!$B$3:$B$53,0)))} | N40: =IF(Eingabetabelle!N10=0,"",Eingabetabelle!N10) | O40: {=IF(P40="","",INDEX(Personaldaten!$A$3:$A$53,MATCH(P40,Personaldaten!$B$3:$B$53,0)))} | P40: =IF(Eingabetabelle!P10=0,"",Eingabetabelle!P10) | Q40: {=IF(R40="","",INDEX(Personaldaten!$A$3:$A$53,MATCH(R40,Personaldaten!$B$3:$B$53,0)))} | R40: =IF(Eingabetabelle!R10=0,"",Eingabetabelle!R10)
A41: =IF(B40="","","Einberufung") -> Einberufung | B41: {=IF(B40="","",INDEX(Personaldaten!$C$3:$C$53,MATCH(B40,Personaldaten!$B$3:$B$53,0)))} -> 45658 | C41: =IF(D40="","","Einberufung") -> Einberufung | D41: {=IF(D40="","",INDEX(Personaldaten!$C$3:$C$53,MATCH(D40,Personaldaten!$B$3:$B$53,0)))} -> 45762 | E41: =IF(F40="","","Einberufung") -> Einberufung | F41: {=IF(F40="","",INDEX(Personaldaten!$C$3:$C$53,MATCH(F40,Personaldaten!$B$3:$B$53,0)))} -> 45870 | G41: =IF(H40="","","Einberufung") | H41: {=IF(H40="","",INDEX(Personaldaten!$C$3:$C$53,MATCH(H40,Personaldaten!$B$3:$B$53,0)))} | I41: =IF(J40="","","Einberufung") | J41: {=IF(J40="","",INDEX(Personaldaten!$C$3:$C$53,MATCH(J40,Personaldaten!$B$3:$B$53,0)))} | K41: =IF(L40="","","Einberufung") -> Einberufung | L41: {=IF(L40="","",INDEX(Personaldaten!$C$3:$C$53,MATCH(L40,Personaldaten!$B$3:$B$53,0)))} -> 45809 | M41: =IF(N40="","","Einberufung") | N41: {=IF(N40="","",INDEX(Personaldaten!$C$3:$C$53,MATCH(N40,Personaldaten!$B$3:$B$53,0)))} | O41: =IF(P40="","","Einberufung") | P41: {=IF(P40="","",INDEX(Personaldaten!$C$3:$C$53,MATCH(P40,Personaldaten!$B$3:$B$53,0)))} | Q41: =IF(R40="","","Einberufung") | R41: {=IF(R40="","",INDEX(Personaldaten!$C$3:$C$53,MATCH(R40,Personaldaten!$B$3:$B$53,0)))}
A42: =IF(B40="","","Dienstnummer") -> Dienstnummer | B42: {=IF(B40="","",INDEX(Personaldaten!$E$3:$E$53,MATCH(B40,Personaldaten!$B$3:$B$53,0)))} -> 423 | C42: =IF(D40="","","Dienstnummer") -> Dienstnummer | D42: {=IF(D40="","",INDEX(Personaldaten!$E$3:$E$53,MATCH(D40,Personaldaten!$B$3:$B$53,0)))} -> 734 | E42: =IF(F40="","","Dienstnummer") -> Dienstnummer | F42: {=IF(F40="","",INDEX(Personaldaten!$E$3:$E$53,MATCH(F40,Personaldaten!$B$3:$B$53,0)))} -> 142 | G42: =IF(H40="","","Dienstnummer") | H42: {=IF(H40="","",INDEX(Personaldaten!$E$3:$E$53,MATCH(H40,Personaldaten!$B$3:$B$53,0)))} | I42: =IF(J40="","","Dienstnummer") | J42: {=IF(J40="","",INDEX(Personaldaten!$E$3:$E$53,MATCH(J40,Personaldaten!$B$3:$B$53,0)))} | K42: =IF(L40="","","Dienstnummer") -> Dienstnummer | L42: {=IF(L40="","",INDEX(Personaldaten!$E$3:$E$53,MATCH(L40,Personaldaten!$B$3:$B$53,0)))} -> 109 | M42: =IF(N40="","","Dienstnummer") | N42: {=IF(N40="","",INDEX(Personaldaten!$E$3:$E$53,MATCH(N40,Personaldaten!$B$3:$B$53,0)))} | O42: =IF(P40="","","Dienstnummer") | P42: {=IF(P40="","",INDEX(Personaldaten!$E$3:$E$53,MATCH(P40,Personaldaten!$B$3:$B$53,0)))} | Q42: =IF(R40="","","Dienstnummer") | R42: {=IF(R40="","",INDEX(Personaldaten!$E$3:$E$53,MATCH(R40,Personaldaten!$B$3:$B$53,0)))}
A43: =IF(B40="","","Anschrift") -> Anschrift | B43: {=IF(B40="","",INDEX(Personaldaten!$F$3:$F$53,MATCH(B40,Personaldaten!$B$3:$B$53,0)))} -> Stuttgart | C43: =IF(D40="","","Anschrift") -> Anschrift | D43: {=IF(D40="","",INDEX(Personaldaten!$F$3:$F$53,MATCH(D40,Personaldaten!$B$3:$B$53,0)))} -> Hannover | E43: =IF(F40="","","Anschrift") -> Anschrift | F43: {=IF(F40="","",INDEX(Personaldaten!$F$3:$F$53,MATCH(F40,Personaldaten!$B$3:$B$53,0)))} -> Münster | G43: =IF(H40="","","Anschrift") | H43: {=IF(H40="","",INDEX(Personaldaten!$F$3:$F$53,MATCH(H40,Personaldaten!$B$3:$B$53,0)))} | I43: =IF(J40="","","Anschrift") | J43: {=IF(J40="","",INDEX(Personaldaten!$F$3:$F$53,MATCH(J40,Personaldaten!$B$3:$B$53,0)))} | K43: =IF(L40="","","Anschrift") -> Anschrift | L43: {=IF(L40="","",INDEX(Personaldaten!$F$3:$F$53,MATCH(L40,Personaldaten!$B$3:$B$53,0)))} -> Kassel | M43: =IF(N40="","","Anschrift") | N43: {=IF(N40="","",INDEX(Personaldaten!$F$3:$F$53,MATCH(N40,Personaldaten!$B$3:$B$53,0)))} | O43: =IF(P40="","","Anschrift") | P43: {=IF(P40="","",INDEX(Personaldaten!$F$3:$F$53,MATCH(P40,Personaldaten!$B$3:$B$53,0)))} | Q43: =IF(R40="","","Anschrift") | R43: {=IF(R40="","",INDEX(Personaldaten!$F$3:$F$53,MATCH(R40,Personaldaten!$B$3:$B$53,0)))}
A44: =IF(B40="","","Dienst") -> Dienst | B44: {=IF(B40="","",INDEX(Personaldaten!$J$3:$J$53,MATCH(B40,Personaldaten!$B$3:$B$53,0)))} -> Waffenreinigen | C44: =IF(D40="","","Dienst") -> Dienst | D44: {=IF(D40="","",INDEX(Personaldaten!$J$3:$J$53,MATCH(D40,Personaldaten!$B$3:$B$53,0)))} -> Gefreiter vom Dienst | E44: =IF(F40="","","Dienst") -> Dienst | F44: {=IF(F40="","",INDEX(Personaldaten!$J$3:$J$53,MATCH(F40,Personaldaten!$B$3:$B$53,0)))} -> Streifendienst | G44: =IF(H40="","","Dienst") | H44: {=IF(H40="","",INDEX(Personaldaten!$J$3:$J$53,MATCH(H40,Personaldaten!$B$3:$B$53,0)))} | I44: =IF(J40="","","Dienst") | J44: {=IF(J40="","",INDEX(Personaldaten!$J$3:$J$53,MATCH(J40,Personaldaten!$B$3:$B$53,0)))} | K44: =IF(L40="","","Dienst") -> Dienst | L44: {=IF(L40="","",INDEX(Personaldaten!$J$3:$J$53,MATCH(L40,Personaldaten!$B$3:$B$53,0)))} -> Parkdienst Fuhrpark | M44: =IF(N40="","","Dienst") | N44: {=IF(N40="","",INDEX(Personaldaten!$J$3:$J$53,MATCH(N40,Personaldaten!$B$3:$B$53,0)))} | O44: =IF(P40="","","Dienst") | P44: {=IF(P40="","",INDEX(Personaldaten!$J$3:$J$53,MATCH(P40,Personaldaten!$B$3:$B$53,0)))} | Q44: =IF(R40="","","Dienst") | R44: {=IF(R40="","",INDEX(Personaldaten!$J$3:$J$53,MATCH(R40,Personaldaten!$B$3:$B$53,0)))}
